id,name,2021-12,2022-01,2022-02,2022-03,2022-04,2022-05,2022-06,2022-07,2022-08,2022-09,2022-10,2022-11,2022-12,2023-01,2023-02,2023-03
00tVTdpEhQQw1bqdu8RCx2,Blue Öyster Cult,1,1,1,1,1,1,1,1,1,1,1,1,1,1,1,1
01QTIT5P1pFP3QnnFSdsJf,Lupe Fiasco,1,1,1,1,1,1,1,1,1,1,1,1,1,1,1,1
01lz5VBfkMFDteSA9pKJuP,The Click Five,1,1,1,1,1,1,1,1,1,1,1,1,1,1,1,1
02seUFsFQP7TH4hLrTj77o,Nathaniel Rateliff & The Night Sweats,0,2,2,2,2,2,2,2,2,2,2,4,4,4,4,4
04RtvnUz0XrUbUZzOA8ZoW,Sugarcult,1,1,1,1,1,1,1,1,1,1,1,1,1,1,1,1
04gDigrS5kc9YWfZHwBETP,Maroon 5,17,17,17,17,17,17,17,17,17,17,17,17,17,17,17,17
0543y7yrvny4KymoaneT4W,Peter Frampton,1,1,1,1,1,1,1,1,1,1,1,1,1,1,1,1
06HL4z0CvFAxyc27GXpf02,Taylor Swift,21,76,109,109,109,109,109,109,109,109,124,124,124,124,124,126
06nevPmNVfWUXyZkccahL8,Gregory Porter,1,1,1,1,1,1,1,1,1,1,1,1,1,1,1,1
070kGpqtESdDsLb3gdMIyx,Easton Corbin,0,0,0,0,0,0,0,0,0,0,1,1,1,1,1,1
07Asx51VtMw5kbNXKrpZlq,BabyJake,0,0,0,0,0,0,0,0,0,0,0,1,1,1,1,1
08F3Y3SctIlsOEmKd6dnH8,Yusuf / Cat Stevens,1,1,1,1,1,1,2,2,2,2,2,2,2,2,2,2
08GQAI4eElDnROBrJRGE0X,Fleetwood Mac,0,1,1,1,1,1,1,1,1,1,1,1,1,1,1,1
08ct2eZF5lUPdJpHwNKWof,Hootie & The Blowfish,1,1,1,1,1,1,1,1,1,1,1,1,1,1,1,1
09yvLritEUxHrzx5TlFvbl,Margo Price,0,0,0,0,0,0,0,0,0,0,1,1,1,1,1,1
0BvkDsjIUla7X0k6CSWh1I,Luke Bryan,2,2,2,2,2,2,2,2,2,2,2,2,2,2,2,2
0C0XlULifJtAgn6ZNCW2eu,The Killers,3,3,3,3,4,4,4,4,4,4,4,4,4,4,4,4
0C8ZW7ezQVs4URX5aX7Kqx,Selena Gomez,0,1,1,1,1,1,1,1,1,1,1,1,1,1,1,1
0Chxmm4XMM87mJOHvyiUzL,Kevin Rudolf,1,1,1,1,1,1,1,1,1,1,1,1,1,1,1,1
0DxPHf2flBAcV2SnZPg3SV,Jake Scott,0,0,0,0,0,0,0,0,0,0,0,1,1,1,1,1
0ECwFtbIWEVNwjlrfc6xoL,Eagles,1,1,1,1,1,1,1,1,1,1,1,1,1,1,1,1
0EdvGhlC1FkGItLOWQzG4J,Sublime,1,1,1,1,1,1,1,1,1,1,1,1,1,1,1,1
0EyuKHE1AeE9lWUF8mzKVp,Fuel,1,1,1,1,1,1,1,1,1,1,1,1,1,1,1,1
0FeWKiZSwBRdGzqeCdlH1a,Marcus King,1,1,1,1,1,1,1,1,1,1,1,6,6,6,7,7
0FrpdcVlJQqibaz5HfBUrL,Rick James,1,1,1,1,1,1,1,1,1,1,1,1,1,1,1,1
0Grjlu7ncIuCaSYvCs9fcd,New Radicals,1,1,1,1,1,1,1,1,1,1,1,1,1,1,1,1
0H0yrKDty3I7pPrNUSH3wW,Ruben Studdard,1,1,1,1,1,1,1,1,1,1,1,1,1,1,1,1
0K87f3owemzI8NUCoEIXOB,vaultboy,0,1,1,1,1,1,1,1,1,1,1,1,1,1,1,1
0KyCXNSa7ZMb5LydfKbLG3,David Lee Roth,1,1,1,1,1,1,1,1,1,1,1,1,1,1,1,1
0L6Gwm0JDrgIQJfjarWSUR,Edwin McCain,1,1,1,1,1,1,1,1,1,1,1,1,1,1,1,1
0L8ExT028jH3ddEcZwqJJ5,Red Hot Chili Peppers,18,18,18,18,18,18,18,18,18,18,18,18,18,18,18,18
0MlOPi3zIDMVrfA9R04Fe3,American Authors,1,1,1,1,1,1,1,1,1,1,1,1,1,1,1,1
0OuSnRyi1OkLPkR4AqzJwi,Carolina Liar,1,1,1,1,1,1,1,1,1,1,1,1,1,1,1,1
0QrowybipCKUDnq5y10PD2,Amos Lee,1,1,1,1,1,1,1,1,1,1,1,1,1,1,1,1
0RpddSzUHfncUWNJXKOsjy,Neon Trees,1,1,1,1,1,1,1,1,1,1,1,1,1,1,1,1
0TImkz4nPqjegtVSMZnMRq,TLC,2,2,2,2,2,2,2,2,2,2,2,2,2,2,2,2
0TcYeHEK9sBtv7xPbKhzHz,Chumbawamba,1,1,1,1,1,1,1,1,1,1,1,1,1,1,1,1
0Tob4H0FLtEONHU1MjpUEp,Tinie Tempah,1,1,1,1,1,1,1,1,1,1,1,1,1,1,1,1
0Ty63ceoRnnJKVEYP0VQpk,Sting,1,1,1,1,1,1,1,1,1,1,1,1,1,1,1,1
0UWZUmn7sybxMCqrw9tGa7,Juanes,1,1,1,1,1,1,1,1,1,1,1,1,1,1,1,1
0X2BH1fck6amBIoJhDVmmJ,Ellie Goulding,1,1,1,1,1,1,1,1,1,1,1,1,1,1,1,1
0XKOBt59crntr7HQXXO8Yz,Brooks & Dunn,1,1,1,1,1,1,1,1,1,1,2,2,2,2,2,2
0XNa1vTidXlvJ2gHSsRi4A,Franz Ferdinand,0,1,1,1,1,1,1,1,1,1,1,1,1,1,1,1
0ZrpamOxcZybMHGg1AYtHP,Robin Thicke,0,0,0,0,0,0,0,0,0,0,0,1,1,1,1,1
0bShb58TO0fM5jOjXhB1WT,Van McCoy,1,1,1,1,1,1,1,1,1,1,1,1,1,1,1,1
0cwmNvclzPd8mQnoHuIksj,Vengaboys,1,1,1,1,1,1,1,1,1,1,1,1,1,1,1,1
0dCKce6tJJdHvlWnDMwzPW,Village People,1,1,1,1,1,1,1,1,1,1,1,1,1,1,1,1
0dEvJpkqhrcn64d3oI8v79,Barenaked Ladies,1,1,1,1,1,1,1,1,1,1,1,1,1,1,1,1
0du5cEVh5yTK9QJze8zA0C,Bruno Mars,10,10,10,10,10,10,10,10,10,10,11,11,11,11,11,11
0ekbDNE2eOq8QiaXM34wer,Howie Day,1,1,1,1,1,1,1,1,1,1,1,1,1,1,1,1
0epOFNiUfyON9EYx7Tpr6V,The Strokes,0,0,0,0,0,0,0,0,0,0,1,1,1,1,1,1
0fYPQBOx0vsRMmjUba9HgF,Modern English,1,1,1,1,1,1,1,1,1,1,1,1,1,1,1,1
0fiWOxhsBsQQvFDtxUQWo0,Brett Young,0,0,0,0,0,0,0,0,0,0,0,1,1,1,1,1
0hCNtLu0JehylgoiP8L4Gh,Nicki Minaj,1,1,1,1,1,1,1,1,1,1,1,2,2,2,2,2
0hEurMDQu99nJRq8pTxO14,John Mayer,11,36,36,36,36,36,36,36,36,36,36,36,36,36,36,36
0iOVhN3tnSvgDbcg25JoJb,Etta James,0,0,0,0,0,0,0,0,0,0,0,1,1,1,1,1
0imE3buPhAowREqCrr4CYe,Peach Tree Rascals,0,0,0,0,0,0,0,0,0,0,0,3,3,3,3,3
0jnsk9HBra6NMjO2oANoPY,Flo Rida,3,3,3,3,3,3,3,3,3,3,3,4,4,4,4,4
0k17h0D3J5VfsdmQ1iZtE9,Pink Floyd,1,1,1,1,1,1,1,1,1,1,1,1,1,1,1,1
0lJlKQvuM2Sd9DPPyUXcHg,Sixpence None The Richer,0,1,1,1,1,1,1,1,1,1,1,1,1,1,1,1
0lwRI7lvmlRY5DiA5Xa6wQ,Lipps Inc.,1,1,1,1,1,1,1,1,1,1,1,1,1,1,1,1
0n94vC3S9c3mb2HyNAOcjg,The Head And The Heart,0,2,2,2,2,2,2,2,2,2,2,2,2,2,2,2
0ojcq9LJQWMawQdFDw3M0L,Nico Segal,0,0,0,0,0,0,0,0,0,0,0,1,1,1,1,1
0p4nmQO2msCgU4IF37Wi3j,Avril Lavigne,2,2,2,2,2,2,2,2,2,2,2,2,2,2,2,2
0qSX3s5pJnAlSsgsCne8Cz,Brett Eldredge,1,1,1,1,1,1,1,1,1,1,1,1,1,1,1,1
0qT79UgT5tY4yudH9VfsdT,Sum 41,1,1,1,1,1,1,1,1,1,1,1,1,1,1,1,1
0rvjqX7ttXeg3mTy8Xscbt,Journey,1,1,1,1,1,1,1,1,1,1,1,1,1,1,1,1
0tgaHqkU1p7QhBUIzKXVU9,The Marcus King Band,0,0,0,0,0,0,0,0,0,0,0,2,2,2,2,2
0u2FHSq3ln94y5Q57xazwf,Keith Urban,0,1,1,1,1,1,1,1,1,1,1,1,1,1,1,1
0vEsuISMWAKNctLlUAhSZC,Counting Crows,4,4,4,4,4,4,4,4,4,4,4,4,4,4,4,4
0vWCyXMrrvMlCcepuOJaGI,Boys Like Girls,2,2,2,2,2,2,2,2,2,2,2,2,2,2,2,2
0vYQRW5LIDeYQOccTviQNX,Kris Kristofferson,0,0,0,0,0,0,0,0,0,0,1,1,1,1,1,1
0vn7UBvSQECKJm2817Yf1P,James Taylor,1,1,1,1,1,1,1,1,1,1,1,2,2,2,2,2
0w7HLMvZOHatWVbAKee1zF,Redbone,0,0,0,0,0,0,1,1,1,1,1,1,1,1,1,1
0xwMjJn29gSNkQYNxc5IED,Rook Monroe,0,0,0,0,0,0,0,0,0,0,1,1,1,1,1,1
0yN7xI1blow9nYIK0R8nM7,Buckcherry,1,1,1,1,1,1,1,1,1,1,1,1,1,1,1,1
0yb46jwm7gqbZXVXZQ8Z1e,Bishop Briggs,0,1,1,1,1,1,1,1,1,1,1,1,1,1,1,1
0z4gvV4rjIZ9wHck67ucSV,Akon,1,1,1,1,1,1,1,1,1,1,1,1,1,1,1,1
0zOcE3mg9nS6l3yxt1Y0bK,The Fray,3,3,3,3,3,3,3,3,3,3,3,3,3,3,3,3
0zlJDQgqnr9AocrH9gs1Es,Lyle Lovett,0,0,0,0,0,0,0,0,0,0,1,1,1,1,1,1
12d3QM7shrlqY2c5xrqU5l,Bo Rinehart,1,1,1,1,1,1,1,1,1,1,1,1,1,1,1,1
137W8MRPWKqSmrBGDBFSop,Wiz Khalifa,2,2,2,2,2,2,2,2,2,2,2,2,2,2,2,2
13YmWQJFwgZrd4bf5IjMY4,Brad Paisley,1,1,1,1,1,1,1,1,1,1,1,1,1,1,1,1
13vQloYd6mP7V1mVwKJwS2,Dave Matthews,0,0,0,0,0,0,0,0,0,0,1,1,1,1,1,1
163tK9Wjr9P9DmM0AVK7lm,Lorde,1,1,1,1,1,1,1,1,1,1,1,1,1,1,1,1
16nn7kCHPWIB6uK09GQCNI,Social Distortion,1,1,1,1,1,1,1,1,1,1,1,1,1,1,1,1
16oZKvXb6WkQlVAjwo2Wbg,The Lumineers,1,2,2,2,2,2,2,2,2,2,2,2,2,2,2,2
196lKsA13K3keVXMDFK66q,The Avett Brothers,0,0,0,0,0,0,0,0,0,0,1,1,1,1,1,1
19eLuQmk9aCobbVDHc6eek,Louis Armstrong,4,4,4,4,4,4,4,4,4,4,4,5,5,5,5,5
19zqV9DV3txjMUjHvltl2D,Motion City Soundtrack,3,3,3,3,3,3,3,3,3,3,3,3,3,3,3,3
1By9QBFnjZAoI83BZppHlt,Billy Currington,1,1,1,1,1,1,1,1,1,1,1,1,1,1,1,1
1Cq0LAHFfvUTBEtMPXUidI,O.A.R.,1,1,1,1,1,1,1,1,1,1,1,1,1,1,1,1
1FizW0swe8ODtXvEOHXbHX,LFO,2,2,2,2,2,2,2,2,2,2,2,2,2,2,2,2
1FlpoZvmdqEMfKIzgMmSJX,J. Roddy Walston & The Business,0,1,1,1,1,1,1,1,1,1,1,1,1,1,1,1
1Fmb52lZ6Jv7FMWXXTPO3K,Joan Jett & the Blackhearts,1,1,1,1,1,1,1,1,1,1,1,1,1,1,1,1
1FqqOl9itIUpXr4jZPIVoT,The Drifters,0,0,0,0,0,0,0,0,0,0,0,1,1,1,1,1
1G9G7WwrXka3Z1r7aIDjI7,Outkast,3,3,3,3,3,3,3,3,3,3,3,3,3,3,3,3
1GAJzApRTMmYZ9EjQ91VOy,The Tokens,2,2,2,2,2,2,2,2,2,2,2,2,2,2,2,2
1GLtl8uqKmnyCWxHmw9tL4,The Kooks,0,0,0,0,1,1,1,1,1,1,1,1,1,1,1,1
1GxkXlMwML1oSg5eLPiAz3,Michael Bublé,2,2,2,2,2,2,2,2,2,2,2,2,2,2,2,2
1HY2Jd0NmPuamShAr6KMms,Lady Gaga,1,1,1,1,1,1,1,1,1,1,1,1,1,1,1,1
1KCSPY1glIKqW2TotWuXOR,P!nk,1,1,1,1,1,1,1,1,1,1,1,1,1,1,1,1
1McMsnEElThX1knmY4oliG,Olivia Rodrigo,5,7,7,7,7,7,7,7,7,7,7,7,7,7,7,7
1Mxqyy3pSjf8kZZL4QVxS0,Frank Sinatra,3,3,3,3,3,3,3,3,3,3,3,3,3,3,3,3
1NfJU4hy56Z4UM4iyIa1B2,Courteeners,0,0,0,0,1,1,1,1,1,1,1,1,1,1,1,1
1PeGxM3M7FcKIUYQ4zFovG,Cherine Tanya Anderson,1,1,1,1,1,1,1,1,1,1,1,1,1,1,1,1
1SImpQO0GbjRgvlwCcCtFo,The Red Jumpsuit Apparatus,1,1,1,1,1,1,1,1,1,1,1,1,1,1,1,1
1ThoqLcyIYvZn7iWbj8fsj,Bill Withers,1,1,1,1,1,1,1,1,1,1,1,1,1,1,1,1
1TlTGJuzfnndWJDNxnODzh,Bear Rinehart,1,1,1,1,1,1,1,1,1,1,1,1,1,1,1,1
1TqQi97nqeiuOJrIFv5Sw0,Semisonic,1,1,1,1,1,1,1,1,1,1,1,1,1,1,1,1
1UTPBmNbXNTittyMJrNkvw,Blake Shelton,1,1,1,1,1,1,1,1,1,1,2,2,2,2,2,2
1Uk1GyijF6fSfX4mWq5bfR,Samia,0,0,0,0,0,0,0,0,0,0,1,1,1,1,1,1
1VBflYyxBhnDc9uVib98rw,Icona Pop,1,1,1,1,1,1,1,1,1,1,1,1,1,1,1,1
1WgXqy2Dd70QQOU7Ay074N,AURORA,1,1,1,1,1,1,1,1,1,1,1,1,1,1,1,1
1XlLhtgJjC4ROQZilBZAvw,Nic D,0,0,0,0,0,0,0,0,0,0,0,4,4,4,4,4
1Y8cdNmUJH7yBTd9yOvr5i,Destiny's Child,0,0,0,0,0,0,0,0,0,0,0,1,1,1,1,1
1co4F2pPNH8JjTutZkmgSm,Ramones,1,1,1,1,1,1,1,1,1,1,1,1,1,1,1,1
1dfeR4HaWDbWqFHLkxsg1d,Queen,10,10,10,10,10,10,10,10,10,10,10,10,10,10,10,10
1fBCIkoPOPCDLUxGuWNvyo,Poison,1,1,1,1,1,1,1,1,1,1,1,1,1,1,1,1
1g1yxsNVPhMUl9GrMjEb2o,Plain White T's,7,7,7,7,7,7,7,7,7,7,7,7,7,7,7,7
1gRNBaI4yn6wCCTvRhGWh8,Don McLean,1,1,1,1,1,1,1,1,1,1,1,1,1,1,1,1
1kB7GlXzdNWl28zLcOkQqU,Rachel House,1,1,1,1,1,1,1,1,1,1,1,1,1,1,1,1
1kM5rgJvkiDMOoKX56H6pX,S Club 7,1,1,1,1,1,1,1,1,1,1,1,1,1,1,1,1
1l7ZsJRRS8wlW3WfJfPfNS,Christina Aguilera,1,1,1,1,1,1,1,1,1,1,1,1,1,1,1,1
1lqW59DUEKqvcHc8mVWBtH,Our Lady Peace,1,1,1,1,1,1,1,1,1,1,1,1,1,1,1,1
1mHuZMOP8FG5ip4yAb1vrB,Michael Franti & Spearhead,1,1,1,1,1,1,1,1,1,1,1,1,1,1,1,1
1mfDfLsMxYcOOZkzBxvSVW,Cole Swindell,1,1,1,1,1,1,1,1,1,1,3,3,3,3,3,3
1n2pb9Tsfe4SwAjmUac6YT,Jake Owen,2,2,2,2,2,2,2,2,2,2,2,2,2,2,2,2
1oK57qVDixqM7no13U1mK9,Lukas Nelson,0,0,0,0,0,0,0,0,0,0,1,1,1,1,1,1
1ooV8YZC1KbpEcrmI8WH0F,Yebba,0,0,0,0,0,0,0,0,0,0,1,1,1,1,1,1
1pgtr4nhBQjp9oCUBPyYWh,Fountains Of Wayne,5,5,5,5,5,5,5,5,5,5,5,5,5,5,5,5
1r1uxoy19fzMxunt3ONAkG,Phoebe Bridgers,1,1,1,1,1,1,1,1,1,1,1,1,1,1,1,1
1w5Kfo2jwwIPruYS2UWh56,Pearl Jam,3,3,3,3,3,3,3,3,3,3,3,3,3,3,3,3
1w9xONedSs7QY93KlJXK6b,Alexander Cardinale,1,1,1,1,1,1,1,1,1,1,1,1,1,1,1,1
1xJPYI7GXasA3ariMSftPq,Derek Trucks,0,0,0,0,0,0,0,0,0,0,1,1,1,1,1,1
1xeZcY93inQY14LWwnxd5G,Evan And Jaron,1,1,1,1,1,1,1,1,1,1,1,1,1,1,1,1
1yDI9pWnlrJmi9kZn3gkCb,John Paul White,0,0,0,0,0,0,0,0,0,0,0,0,0,0,0,1
1yxSLGMDHlW21z4YXirZDS,Black Eyed Peas,1,1,1,1,1,1,1,1,1,1,1,1,1,1,1,1
1zgNpeHQe8GulzfVkYP2VK,The Trammps,1,1,1,1,1,1,1,1,1,1,1,1,1,1,1,1
1zuG3w1Zgeou53fb3Vu3bO,Outasight,1,1,1,1,1,1,1,1,1,1,1,1,1,1,1,1
20JZFwl6HVl6yg8a4H3ZqK,Panic! At The Disco,0,1,1,1,1,1,1,1,1,1,1,1,1,1,1,1
21E3waRsmPlU7jZsS13rcj,Ne-Yo,2,2,2,2,2,2,2,2,2,2,2,2,2,2,2,2
21UJ7PRWb3Etgsu99f8yo8,Stereophonics,0,1,1,1,4,4,4,4,4,4,4,4,4,4,4,4
22bE4uQ6baNwSHPVcDxLCe,The Rolling Stones,6,6,6,6,6,6,6,6,6,6,6,6,6,6,6,6
23zg3TcAtWQy7J6upgbUnj,Usher,1,1,1,1,1,1,1,1,1,1,1,1,1,1,1,1
25uiPmTg16RbhZWAqwLBy5,Charli XCX,1,1,1,1,1,1,1,1,1,1,1,1,1,1,1,1
26T3LtbuGT1Fu9m0eRq5X3,Cage The Elephant,0,1,1,1,1,1,1,1,1,1,1,1,1,1,1,1
26VFTg2z8YR0cCuwLzESi2,Halsey,1,1,1,1,1,1,1,1,1,1,1,1,1,1,1,1
26bcq2nyj5GB7uRr558iQg,Survivor,1,1,1,1,1,1,1,1,1,1,1,1,1,1,1,1
27AzFtMZhRN78bAMPntbpF,Old 97's,1,1,1,1,1,1,1,1,1,1,1,1,1,1,1,1
28AyklUmMECPwdfo8NEsV0,Jimmy Buffett,2,2,2,2,2,2,2,2,2,2,3,3,3,3,3,3
29ijED2bnnprp2TciAK1aO,Drake White,0,0,0,0,0,0,0,0,0,0,0,2,2,2,2,2
2BGRfQgtzikz1pzAD0kaEn,Elvis Costello,1,1,1,1,1,1,1,1,1,1,1,1,1,1,1,1
2BObknRAxgoXmrf6MkO7VR,El Sueño de Morfeo,1,1,1,1,1,1,1,1,1,1,1,1,1,1,1,1
2C9n4tQgNLhHPhSCmdsQnk,David Archuleta,1,1,1,1,1,1,1,1,1,1,1,1,1,1,1,1
2DaxqgrOhkeH0fpeiQq2f4,Oasis,1,1,1,1,3,3,3,3,3,3,5,5,5,5,5,5
2DnqqkzzDKm3vAoyHtn8So,Uncle Kracker,2,2,2,2,2,2,2,2,2,2,2,2,2,2,2,2
2FXC3k01G6Gw61bmprjgqS,Hozier,1,1,1,2,2,2,2,2,2,2,2,2,2,2,2,2
2G6E8Q9UTzDIhoawhJm33M,Ray Benson,0,0,0,0,0,0,0,0,0,0,1,1,1,1,1,1
2Hjj68yyUPiC0HKEOigcEp,Jesse McCartney,1,1,1,1,1,1,1,1,1,1,1,1,1,1,1,1
2IvkS5MXK0vPGnwyJsrEyV,Eric Church,1,1,1,1,1,1,1,1,1,1,2,2,2,2,2,2
2JSc53B5cQ31m0xTB7JFpG,Rogue Wave,1,1,1,1,1,1,1,1,1,1,1,1,1,1,1,1
2Kx7MNY7cI1ENniW7vT30N,Norah Jones,1,1,1,1,1,1,1,1,1,1,2,3,3,3,3,3
2NMDcLqpSDPcPA3OMitdnX,Morgane Stapleton,0,0,0,0,0,0,0,0,0,0,1,1,1,1,1,1
2NQEwAVHBNcI0tGMLlWwF1,Mat Kearney,1,1,1,1,1,1,1,1,1,1,1,1,1,1,1,1
2OEGI2wrCVmvavKEOMlccy,Phillipa Soo,1,1,1,1,1,1,1,1,1,1,1,1,1,1,1,1
2OZsw4C2nujSgVUfpuOTWL,Cast - Frozen,1,1,1,1,1,1,1,1,1,1,1,1,1,1,1,1
2PCUhxD40qlMqsKHjTZD2e,Parachute,1,1,1,1,1,1,1,1,1,1,1,1,1,1,1,1
2PSiyldxmJze7xiqbz658m,Spin Doctors,1,1,1,1,1,1,1,1,1,1,1,1,1,1,1,1
2PfBzriIMRsCXPDtSy9vg8,Rufus Wainwright,1,1,1,1,1,1,1,1,1,1,1,1,1,1,1,1
2Q1FIPavG8WZF33kqIP3sy,Bo Bice,1,1,1,1,1,1,1,1,1,1,1,1,1,1,1,1
2QYEvpsWUOjqaYuxDPTCmV,Diddy - Dirty Money,1,1,1,1,1,1,1,1,1,1,1,1,1,1,1,1
2QsynagSdAqZj3U9HgDzjD,Bob Marley & The Wailers,3,3,3,3,3,3,3,3,3,3,3,3,3,3,3,3
2RTUTCvo6onsAnheUk3aL9,3 Doors Down,5,5,5,5,5,5,5,5,5,5,5,5,5,5,5,5
2RdwBSPQiwcmiDo9kixcl8,Pharrell Williams,1,1,1,1,1,1,1,1,1,1,1,1,1,1,1,1
2Sqr0DXoaYABbjBo9HaMkM,Sara Bareilles,1,1,1,1,1,1,1,1,1,1,1,1,1,1,1,1
2UBTfUoLI07iRqGeUrwhZh,Steve Earle,0,0,0,0,0,0,0,0,0,0,1,1,1,1,1,1
2VSHKHBTiXWplO8lxcnUC9,GAYLE,0,1,1,1,1,1,1,1,1,1,1,1,1,1,1,1
2WV4xLQooFalR2cit0XSKp,Jennifer Nettles,1,1,1,1,1,1,1,1,1,1,1,1,1,1,1,1
2Yl1rRB2mi1HPnXAuy9jqq,Texas Hill,0,0,0,0,0,0,0,0,0,0,0,1,1,1,1,1
2bA6fzP0lMAQ4kz6CF61w8,Toby Keith,2,2,2,2,2,2,2,2,2,2,2,2,2,2,2,2
2cnMpRsOVqtPMfq7YiFE6K,Van Halen,3,3,3,3,3,3,3,3,3,3,3,3,3,3,3,3
2eRJjYEaWyGZbOBGYFLBoC,The Ready Set,1,1,1,1,1,1,1,1,1,1,1,1,1,1,1,1
2fHcpUAFhqmfloo2HkBN3e,Sydney James Harcourt,1,1,1,1,1,1,1,1,1,1,1,1,1,1,1,1
2gBjLmx6zQnFGQJCAQpRgw,Nelly,3,3,3,3,3,3,3,3,3,3,3,3,3,3,3,3
2gsggkzM5R49q6jpPvazou,Jessie J,0,0,0,0,0,0,0,0,0,0,0,1,1,1,1,1
2hl0xAkS2AIRAu23TVMBG1,Kansas,1,1,1,1,1,1,1,1,1,1,1,1,1,1,1,1
2i9XYCuoDmfcXf6P1Zu1dr,Latch Key Kid,1,1,1,1,1,1,1,1,1,1,1,1,1,1,1,1
2iE18Oxc8YSumAU232n4rW,The Jackson 5,2,2,2,2,2,2,3,3,3,3,3,3,3,3,3,3
2iEvnFsWxR0Syqu2JNopAd,Smash Mouth,3,3,3,3,3,3,3,3,3,3,3,3,3,3,3,3
2kCO8LXN1usaOPL3iEE28I,Tai Verdes,0,0,0,0,0,0,0,0,0,0,0,23,23,23,23,23
2kHxkdiKCSnHMkhIgFBZaI,Kristen Bell,4,4,4,4,4,4,4,4,4,4,4,4,4,4,4,4
2kucQ9jQwuD8jWdtR9Ef38,Sam Hunt,1,1,1,1,1,1,1,1,1,1,1,1,1,1,1,1
2lRH2dgU5Kk4Bc5phmII4T,LANCO,0,0,0,0,0,0,0,0,0,0,0,1,1,1,1,1
2lolQgalUvZDfp5vvVtTYV,Tony Bennett,1,1,1,1,1,1,1,1,1,1,1,1,1,1,1,1
2mxe0TnaNL039ysAj51xPQ,R. Kelly,1,1,1,1,1,1,1,1,1,1,1,1,1,1,1,1
2oX42qP5ineK3hrhBECLmj,Andy Grammer,1,1,1,1,1,1,1,1,1,1,1,1,1,1,1,1
2p4FqHnazRucYQHyDCdBrJ,Simple Plan,4,4,4,4,4,4,4,4,4,4,4,4,4,4,4,4
2pqd3HsfsvcBGtHvPOg6eg,Highly Suspect,0,0,0,0,0,0,0,0,0,0,1,1,1,1,1,1
2qFr8w5sWUITRlzZ9kZotF,Jefferson Airplane,1,1,1,1,1,1,1,1,1,1,1,1,1,1,1,1
2qc41rNTtdLK0tV3mJn2Pm,Ryan Adams,1,1,1,1,1,1,1,1,1,1,1,1,1,1,1,1
2qwXeRk8VBAegbUnf3xdyi,Ashley Cooke,0,0,0,0,0,0,0,0,0,0,0,1,1,1,1,1
2rblp9fJo16ZPTcKDtlmKW,MC Hammer,1,1,1,1,1,1,1,1,1,1,1,1,1,1,1,1
2rc78XDH9zuJP6bm78lU8Z,Derek & The Dominos,1,1,1,1,1,1,1,1,1,1,1,1,1,1,1,1
2sG4zTOLvjKG1PSoOyf5Ej,Brandi Carlile,1,1,1,1,1,1,1,1,1,1,1,2,2,2,2,2
2sil8z5kiy4r76CRTXxBCA,The Goo Goo Dolls,7,7,7,7,7,7,7,7,7,7,7,7,7,7,7,7
2vnB6tuQMaQpORiRdvXF9H,Beach Bunny,0,1,1,1,1,1,1,1,1,1,1,1,1,1,1,1
2wY79sveU1sp5g7SokKOiI,Sam Smith,1,1,1,1,1,1,1,1,1,1,1,1,1,1,1,1
2xTlb6eueddQmWsxImpDbP,Sarah Buxton,1,1,1,1,1,1,1,1,1,1,1,1,1,1,1,1
2xaAOVImG2O6lURwqperlD,Catfish and the Bottlemen,0,0,0,0,1,1,1,1,1,1,1,1,1,1,1,1
2xiIXseIJcq3nG7C8fHeBj,Three Days Grace,1,1,1,1,1,1,1,1,1,1,1,1,1,1,1,1
2ysnwxxNtSgbb9t1m2Ur4j,George Ezra,0,1,1,1,1,1,1,1,1,1,1,1,1,1,1,1
306JHpIRGVaQd6OltnOzUO,Nine Days,1,2,2,2,2,2,2,2,2,2,2,2,2,2,2,2
30I8GIK3UqVyAg58557mdJ,Jack Joseph Puig,1,1,1,1,1,1,1,1,1,1,1,1,1,1,1,1
30e8DmahrEamvLbFRPdWmk,Justin Moore,0,0,0,0,0,0,0,0,0,0,1,1,1,1,1,1
31TPClRtHm23RisEBtV3X7,Justin Timberlake,2,2,2,2,2,2,2,2,2,2,2,2,2,2,2,2
32Ko3nL0210QAt14S3Rs4Y,Sjowgren,0,1,1,1,1,1,1,1,1,1,1,1,1,1,1,1
32WkQRZEVKSzVAAYqukAEA,Lady A,2,2,2,2,2,2,2,2,2,2,2,2,2,2,2,2
33ScadVnbm2X8kkUqOkC6Z,Don Omar,1,1,1,1,1,1,1,1,1,1,1,1,1,1,1,1
36QJpDe2go2KgaRleHCDTp,Led Zeppelin,2,2,2,2,2,2,2,2,2,2,2,2,2,2,2,2
36eTeLNx8ErucrEyRm6JOo,Shenandoah,0,1,1,1,1,1,1,1,1,1,1,1,1,1,1,1
37BiX28I6pF104F92U1hDP,Ashley Monroe,1,1,1,1,1,1,1,1,1,1,1,1,1,1,1,1
382aq8Pij5V2nE2JMHMoxl,Hoodie Allen,0,0,0,0,0,0,0,0,0,0,0,1,1,1,1,1
38h03gA85YYPeDPd9ER9rT,The O'Jays,1,1,1,1,1,1,1,1,1,1,1,1,1,1,1,1
3AQRLZ9PuTAozP28Skbq8V,The Script,3,3,3,3,3,3,3,3,3,3,3,3,3,3,3,3
3ApUX1o6oSz321MMECyIYd,Quinn XCII,0,0,0,0,0,0,0,0,0,0,0,1,1,1,1,1
3Ayl7mCk0nScecqOzvNp6s,Jimmy Eat World,1,1,1,1,1,1,1,1,1,1,1,1,1,1,1,1
3BmGtnKgCSGYIUhmivXKWX,Kelly Clarkson,1,1,1,1,1,1,1,1,1,1,1,1,1,1,1,1
3C4t1usFGoKHCSRdujm2GN,Ryan Cabrera,1,1,1,1,1,1,1,1,1,1,1,1,1,1,1,1
3CDKmzJu6uwEGnPLLZffpD,Frankie Valli,1,1,1,1,1,1,1,1,1,1,1,1,1,1,1,1
3CEdEF8RsuL3hAFJaujvr0,Etta Jones,0,0,0,0,0,0,0,0,0,0,0,1,1,1,1,1
3DiDSECUqqY1AuBP8qtaIa,Alicia Keys,2,2,2,2,2,2,2,2,2,2,2,2,2,2,2,2
3FUY2gzHeIiaesXtOAdB7A,Train,12,12,12,12,12,12,12,12,12,12,12,12,12,12,12,12
3GBPw9NK25X1Wt2OUvOwY3,Jack Johnson,1,1,1,1,1,1,1,1,1,1,2,2,2,2,2,2
3IJ770I1QPmwVp7yug0eJ4,Lustra,1,1,1,1,1,1,1,1,1,1,1,1,1,1,1,1
3IYUhFvPQItj6xySrBmZkd,Creedence Clearwater Revival,0,0,0,0,0,0,0,0,0,0,0,0,1,1,1,1
3IhWQSrLj8EJjdvjFTpCyo,Vince Gill,0,0,0,0,0,0,0,0,0,0,1,1,1,1,1,1
3JhNCzhSMTxs9WLGJJxWOY,Macklemore,0,0,0,0,0,0,0,0,0,0,0,1,1,1,1,1
3L2SIGZah4QZSvN4wC8rHl,City Spud,1,1,1,1,1,1,1,1,1,1,1,1,1,1,1,1
3L8FZaw2Rg1oUw3vB4gUME,Bazanji,0,0,0,0,0,0,0,0,0,0,0,1,1,1,1,1
3LC8PXXgk7YtAIobtjSdNi,The Ataris,3,3,3,3,3,3,3,3,3,3,3,3,3,3,3,3
3M4ThdJR28z9eSMcQHAZ5G,The Fratellis,1,1,1,1,8,8,8,8,8,8,8,8,8,8,8,8
3NRFinRTEqUCfaTTZmk8ek,Savage Garden,1,1,1,1,1,1,1,1,1,1,1,1,1,1,1,1
3Ngh2zDBRPEriyxQDAMKd1,Matchbox Twenty,12,12,12,12,12,12,12,12,12,12,12,12,12,12,12,12
3OsUvoKmZA2gw8rETtxGlz,Vitamin C,1,1,1,1,1,1,1,1,1,1,1,1,1,1,1,1
3PhoLpVuITZKcymswpck5b,Elton John,4,4,4,4,4,4,4,4,4,4,4,4,4,4,4,4
3RwQ26hR2tJtA8F9p2n7jG,The Temptations,1,1,1,1,1,1,1,1,1,1,1,1,1,1,1,1
3ShGiAyhxI6Rq3TknZ3gfk,Arkells,0,1,1,1,1,1,1,1,1,1,1,1,1,1,1,1
3UUJfRbrA2nTbcg4i0MOwu,Original Broadway Cast of Hamilton,8,8,8,8,8,8,8,8,8,8,9,9,9,9,9,9
3VNITwohbvU5Wuy5PC6dsI,Kool & The Gang,1,1,1,1,1,1,1,1,1,1,1,1,1,1,1,1
3WrFJ7ztbogyGnTHbHJFl2,The Beatles,28,28,28,28,28,28,28,28,28,28,28,28,28,28,28,28
3YcBF2ttyueytpXtEzn1Za,Incubus,2,2,2,2,2,2,2,2,2,2,2,2,2,2,2,2
3Z02hBLubJxuFJfhacLSDc,Bryan Adams,0,1,1,1,1,1,1,1,1,1,1,1,1,1,1,1
3aQeKQSyrW4qWr35idm0cy,T-Pain,1,1,1,1,1,1,1,1,1,1,1,1,1,1,1,1
3ao3jf5d70Tf4fPh2bnXVl,We The Kings,1,1,1,1,1,1,1,1,1,1,1,1,1,1,1,1
3b8QkneNDz4JHKKKlLgYZg,Florida Georgia Line,3,3,3,3,3,3,3,3,3,3,4,4,4,4,4,4
3bLSAQPeix7Xm2e5Gtn48R,The Steeldrivers,0,0,0,0,0,0,0,0,0,0,0,2,2,2,2,2
3bYcjbVAN3rAuU3TMzw2mB,Marcus Mumford,0,0,0,0,0,0,0,0,0,0,0,1,1,1,1,1
3cR4rhS2hBWqI7rJEBacvN,Leslie Odom Jr.,5,5,5,5,5,5,5,5,5,5,6,6,6,6,6,6
3dXaa6jwM7B52GZpaJEIr5,Puddle Of Mudd,1,1,1,1,1,1,1,1,1,1,1,1,1,1,1,1
3ebS2RuCq8QeLyndUDmgB5,WizTheMc,0,0,0,0,0,0,0,0,0,0,0,1,1,1,1,1
3eqjTLE0HfPfh78zjh6TqT,Bruce Springsteen,18,18,18,18,18,18,18,18,18,18,18,18,18,18,18,18
3eskO5m0H4yiF64vRySBjr,Buffalo Springfield,0,0,0,0,0,0,0,0,1,1,1,1,1,1,1,1
3fCQnw6VSudXBTN5d2QP2z,Gary Lightbody,1,1,1,1,1,1,1,1,1,1,1,1,1,1,1,1
3fMbdgg4jU18AjLCKBhRSm,Michael Jackson,2,2,2,2,2,2,2,2,2,2,2,2,2,2,2,2
3g229vTyhsdwm9SO2p1FPL,Lee Greenwood,1,1,1,1,1,1,1,1,1,1,1,1,1,1,1,1
3gIRvgZssIb9aiirIg0nI3,Jeremy Zucker,0,0,0,0,0,0,0,0,0,0,0,1,1,1,1,1
3gd8FJtBJtkRxdfbTu19U2,Mumford & Sons,2,2,2,2,2,2,2,2,2,2,2,2,2,2,2,2
3grHWM9bx2E9vwJCdlRv9O,Kenny Chesney,1,1,1,1,1,1,1,1,1,1,1,1,1,1,1,1
3hozsZ9hqNq7CoBGYNlFTz,OK Go,1,1,1,1,1,1,1,1,1,1,1,1,1,1,1,1
3hv9jJF3adDNsBSIQDqcjp,Mark Ronson,1,1,1,1,1,1,1,1,1,1,1,1,1,1,1,1
3ipn9JLAPI5GUEo4y4jcoi,Ludacris,1,1,1,1,1,1,1,1,1,1,1,1,1,1,1,1
3jOstUTkEu2JkjvRdBA5Gu,Weezer,5,5,5,5,5,5,5,5,5,5,5,5,5,5,5,5
3kVUvbeRdcrqQ3oHk5hPdx,GROUPLOVE,0,0,0,0,0,0,0,0,0,0,0,1,1,1,1,1
3koiLjNrgRTNbOwViDipeA,Marvin Gaye,1,1,1,1,1,1,1,1,1,1,1,1,1,1,1,1
3lDpdwM8KILepMHqBWUhIA,The Struts,0,1,1,1,1,1,1,1,1,1,1,1,1,1,1,1
3lPQ2Fk5JOwGWAF3ORFCqH,John Mellencamp,1,1,1,1,1,1,1,1,1,1,1,1,1,1,1,1
3mMogqf2JyBUQZxFZlC79w,Arden Jones,0,0,0,0,0,0,0,0,0,0,0,1,1,1,1,1
3mQBpAOMWYqAZyxtyeo4Lo,KC & The Sunshine Band,1,1,1,1,1,1,1,1,1,1,1,1,1,1,1,1
3nFkdlSjzX9mRTtwJOzDYB,JAY-Z,1,1,1,1,1,1,1,1,1,1,1,1,1,1,1,1
3ngKsDXZAssmljeXCvEgOe,Eagle-Eye Cherry,0,1,1,1,1,1,1,1,1,1,1,1,1,1,1,1
3oSJ7TBVCWMDMiYjXNiCKE,Kane Brown,0,0,0,0,0,0,0,0,0,0,0,1,1,1,1,1
3pFCERyEiP5xeN2EsPXhjI,Joe Cocker,1,1,1,1,1,1,1,1,1,1,1,1,1,1,1,1
3pHeBYl1yujXcZqqfF1UyQ,Blues Traveler,1,1,1,1,1,1,1,1,1,1,1,1,1,1,1,1
3qbnxnvUqR14MJ9g8QwZJK,Lonestar,1,1,1,1,1,1,1,1,1,1,1,1,1,1,1,1
3qm84nBOXUEQ2vnTfUTTFC,Guns N' Roses,1,1,1,1,1,1,1,1,1,1,1,1,1,1,1,1
3qnGvpP8Yth1AqSBMqON5x,Leon Bridges,0,1,1,18,18,18,18,18,18,18,18,19,19,19,19,19
3rRmDmzPcAFwcUDvG5gBqO,Percy Sledge,1,1,1,1,1,1,1,1,1,1,1,1,1,1,1,1
3rfgbfpPSfXY40lzRK7Syt,Barry White,1,1,1,1,1,1,1,1,1,1,1,1,1,1,1,1
3tQx1LPXbsYjE9VwN1Peaa,Marc E. Bassy,0,0,0,0,0,0,0,0,0,0,0,1,1,1,1,1
3twuAojvYNrlWZpMkxLm3P,Daveed Diggs,5,5,5,5,5,5,5,5,5,5,5,5,5,5,5,5
3v4feUQnU3VEUqFrjmtekL,Faces,0,0,0,0,0,0,0,0,0,0,1,1,1,1,1,1
3vAaWhdBR38Q02ohXqaNHT,The All-American Rejects,2,2,2,2,2,2,2,2,2,2,2,2,2,2,2,2
3vQ0GE3mI0dAaxIMYe5g7z,Paulo Londra,0,0,0,0,0,0,0,0,0,0,1,1,1,1,1,1
3wWtfT7S2uVJJ3hGZlOLkZ,Judah & the Lion,0,1,1,1,1,1,1,1,1,1,1,1,1,1,1,1
3whuHq0yGx60atvA2RCVRW,Olly Murs,2,2,2,2,2,2,2,2,2,2,2,2,2,2,2,2
3yDIp0kaq9EFKe07X1X2rz,Nile Rodgers,1,1,1,1,1,1,1,1,1,1,1,1,1,1,1,1
3zxKH0qp3nBCuPZCZT5Vaf,Yellowcard,8,8,8,8,8,8,8,8,8,8,8,8,8,8,8,8
41qil2VaGbD194gaEcmmyx,Will Smith,3,3,3,3,3,3,3,3,3,3,3,3,3,3,3,3
43ZHCT0cAZBISjO8DG9PnE,Elvis Presley,1,1,1,1,1,1,1,1,1,1,1,1,1,1,1,1
44NX2ffIYHr6D4n7RaZF7A,Van Morrison,1,1,1,1,2,2,2,2,2,2,2,2,2,2,2,2
46lnlnlU0dXTDpoAUmH6Qx,Lou Bega,1,1,1,1,1,1,1,1,1,1,1,1,1,1,1,1
46mRV6kvhsGvih0dMKktto,Wreckless Eric,1,1,1,1,1,1,1,1,1,1,1,1,1,1,1,1
47NluEnhJda2gsnjuvcoob,Santino Fontana,1,1,1,1,1,1,1,1,1,1,1,1,1,1,1,1
4ACplpEqD6JIVgKrafauzs,The Everly Brothers,1,1,1,1,1,1,1,1,1,1,1,1,1,1,1,1
4AzAfQNuAyKOFG4DZMsdAo,The Snuts,0,0,0,0,1,1,1,1,1,1,1,1,1,1,1,1
4BYxqVkZyFjtik7crYLg5Q,Chris Young,1,1,1,1,1,1,1,1,1,1,1,1,1,1,1,1
4BxCuXFJrSWGi1KHcVqaU4,Kodaline,1,1,1,1,1,1,1,1,1,1,1,1,1,1,1,1
4DZGvSv2oMkBUnPz67E6z6,David Nail,9,9,9,9,9,9,9,9,9,9,9,9,9,9,9,9
4ERtgeBbWRkFzIz6LaFCeY,Dashboard Confessional,2,2,2,2,2,2,2,2,2,2,2,2,2,2,2,2
4ETSs924pXMzjIeD6E9b4u,Surfaces,0,0,0,0,0,0,0,0,0,0,0,1,1,1,1,1
4H3e5t5utgPvj6Nsuda5QF,Jasmine Cephas-Jones,1,1,1,1,1,1,1,1,1,1,1,1,1,1,1,1
4IJczjB0fJ04gs4uvP0Fli,Gym Class Heroes,1,1,1,1,1,1,1,1,1,1,1,1,1,1,1,1
4LEiUm1SRbFMgfqnQTwUbQ,Bon Iver,0,2,2,2,2,2,2,2,2,2,2,2,2,2,2,2
4MVyzYMgTwdP7Z49wAZHx0,Lynyrd Skynyrd,2,2,2,2,2,2,2,2,2,2,2,2,2,2,2,2
4MWopTgyvixq0tNiFrVg0l,The Little Willies,0,0,0,0,0,0,0,0,0,0,1,1,1,1,1,1
4NGiEU3Pkd8ASRyQR30jcA,Matt Nathanson,1,1,1,1,1,1,1,1,1,1,1,1,1,1,1,1
4NVjldBwjF0DzudAiLvti0,New Hollow,0,1,1,1,1,1,1,1,1,1,1,1,1,1,1,1
4Nrd0CtP8txoQhnnlRA6V6,Vianney,0,0,0,0,0,0,0,0,0,0,1,1,1,1,1,1
4QQgXkCYTt3BlENzhyNETg,"Earth, Wind & Fire",1,1,1,1,1,1,1,1,1,1,1,1,1,1,1,1
4SQxI8xg6LcSWL3KuGVHLa,David Cook,3,3,3,3,3,3,3,3,3,3,3,3,3,3,3,3
4STHEaNw4mPZ2tzheohgXB,Paul McCartney,1,1,1,1,1,1,1,1,1,1,1,1,1,1,1,1
4ScCswdRlyA23odg9thgIO,Jess Glynne,1,1,1,1,1,1,1,1,1,1,1,1,1,1,1,1
4TCXgdDPm10ensLNCVnIYa,Joy Williams,0,0,0,0,0,0,0,0,0,0,0,0,0,0,0,1
4TKTii6gnOnUXQHyuo9JaD,Sheryl Crow,2,2,2,2,2,2,2,2,2,2,3,4,4,4,4,4
4TshyQDihSYXSWqvclXl3I,Parmalee,2,2,2,2,2,2,2,2,2,2,2,2,2,2,2,2
4UXqAaa6dQYAk18Lv7PEgX,Fall Out Boy,4,4,4,4,4,4,4,4,4,4,4,4,4,4,4,4
4VIvfOurcf0vuLRxLkGnIG,Bradley Cooper,2,2,2,2,2,2,2,2,2,2,2,2,2,2,2,2
4VnomLtKTm9Ahe1tZfmZju,Jackie Wilson,0,0,0,0,0,0,0,0,0,0,0,1,1,1,1,1
4XlcLj6bxCnpBIOHmBpIWP,American Hi-Fi,1,1,1,1,1,1,1,1,1,1,1,1,1,1,1,1
4Y6wyjvVZtxzzXILoDEulZ,Jackson Breit,0,0,0,0,0,0,0,0,0,0,0,1,1,1,1,1
4Y7tXHSEejGu1vQ9bwDdXW,Fatboy Slim,2,2,2,2,2,2,2,2,2,2,2,2,2,2,2,2
4YLtscXsxbVgi031ovDDdh,Chris Stapleton,11,13,29,29,29,29,29,29,29,29,36,39,39,39,39,39
4ZhFCxPekpmV12n2xMeF2z,Ink,0,0,0,1,1,1,1,1,1,1,1,1,1,1,1,1
4aSEmLLxLX9wR5aLMllOKj,Los Lonely Boys,1,1,1,1,1,1,1,1,1,1,1,1,1,1,1,1
4aXXDj9aZnlshx7mzj3W1N,Lin-Manuel Miranda,6,6,6,6,6,6,6,6,6,6,7,7,7,7,7,7
4am1I89OWXUzFh4ctRLkdd,Elliott Yamin,1,1,1,1,1,1,1,1,1,1,1,1,1,1,1,1
4apX9tIeHb85yPyy4F6FJG,Wild Cherry,1,1,1,1,1,1,1,1,1,1,1,1,1,1,1,1
4b0WsB47XCa9F83BmwQ7WX,The Righteous Brothers,1,1,1,1,1,1,1,1,1,1,1,1,1,1,1,1
4bYPcJP5jwMhSivRcqie2n,Adam Levine,1,1,1,1,1,1,1,1,1,1,1,1,1,1,1,1
4e0nWw2r4BoQSKPQ2zpU13,Ray Dalton,0,0,0,0,0,0,0,0,0,0,0,1,1,1,1,1
4gHcu2JoaXJ0mV4aNPCd7N,Benny Sings,0,0,0,0,0,0,0,0,0,0,0,1,1,1,1,1
4gzpq5DPGxSnKTe4SA8HAU,Coldplay,21,26,26,26,26,26,26,26,26,26,26,26,26,26,26,26
4hB4SmzreXMTGWYj7KQ7QN,Rayvon,1,1,1,1,1,1,1,1,1,1,1,1,1,1,1,1
4hf3caW9H8uFwwbv5pFjcg,Jake Bugg,0,0,0,0,1,1,1,1,1,1,1,1,1,1,1,1
4hqDqHtBlgxXpLXVYf7c8L,Ashlee Simpson,1,1,1,1,1,1,1,1,1,1,1,1,1,1,1,1
4j56EQDQu5XnL7R3E9iFJT,Young the Giant,0,1,1,2,2,2,2,2,2,2,2,2,2,2,2,2
4kYSro6naA4h99UJvo89HB,Cardi B,0,0,0,0,0,0,0,0,0,0,1,1,1,1,1,1
4lxfqrEsLX6N1N4OCSkILp,Phil Collins,1,1,1,1,1,1,1,1,1,1,1,1,1,1,1,1
4mxWe1mtYIYfP040G38yvS,Alan Jackson,1,1,1,1,1,1,1,1,1,1,1,1,1,1,1,1
4myTppRgh0rojLxx8RycOp,Ryan Lewis,0,0,0,0,0,0,0,0,0,0,0,1,1,1,1,1
4nDoRrQiYLoBzwC5BhVJzF,Camila Cabello,0,0,0,0,1,1,1,1,1,1,3,3,3,3,3,3
4oUHIQIBe0LHzYfvXNW4QM,Morgan Wallen,0,0,0,0,0,0,1,1,1,1,1,3,3,3,4,4
4ogvuDRerGhZfSf7TtzHlr,Israel Kamakawiwo'ole,1,1,1,1,1,1,1,1,1,1,1,1,1,1,1,1
4phGZZrJZRo4ElhRtViYdl,Jason Mraz,3,3,3,3,3,3,3,3,3,3,4,4,4,4,4,4
4qKpLkR911SUlnd4HAtF79,Nathaniel Rateliff,0,0,0,0,0,0,0,0,0,0,1,1,1,1,1,1
4tMJliVd96wXoMVNdcOBHp,Verdine White,0,0,0,0,0,0,0,0,0,0,0,1,1,1,1,1
4tZwfgrHOc3mvqYlEYSvVi,Daft Punk,1,1,1,1,1,1,1,1,1,1,1,1,1,1,1,1
4tw2Lmn9tTPUv7Gy7mVPI4,Kenny Rogers,0,0,0,0,0,0,0,0,0,0,1,1,1,1,1,1
4uN3DsfENc7dp0OLO0FEIb,Sugar Ray,5,5,5,5,5,5,5,5,5,5,5,5,5,5,5,5
4utLUGcTvOJFr6aqIJtYWV,Skylar Grey,1,1,1,1,1,1,1,1,1,1,1,1,1,1,1,1
4v7bRT3afmurVVfkuQthZX,Micah Nelson,0,0,0,0,0,0,0,0,0,0,1,1,1,1,1,1
4w1ZBtHF0HxrGqQdB7i1it,Jamestown Revival,0,1,1,1,1,1,1,1,1,1,1,2,2,2,2,2
4wQ3PyMz3WwJGI5uEqHUVR,Allman Brothers Band,8,9,9,9,9,9,9,9,9,9,9,9,9,9,9,9
4x1nvY2FN8jxqAFA0DA02H,John Lennon,1,1,1,1,1,1,1,1,1,1,1,1,1,1,1,1
4xFUf1FHVy696Q1JQZMTRj,Carrie Underwood,0,0,0,0,0,0,0,0,0,0,1,1,1,1,1,1
4ylR3zwA0zaapAu94fktwa,Macy Gray,1,1,1,1,1,1,1,1,1,1,1,1,1,1,1,1
4zKhX6hYCQPNs406umP9Fx,O-Town,1,1,1,1,1,1,1,1,1,1,1,1,1,1,1,1
51Blml2LZPmy7TTiAg47vQ,U2,3,3,3,3,3,3,3,3,3,3,3,3,3,3,3,3
53QzNeFpzAaXYnrDBbDrIp,The Isley Brothers,1,1,1,1,1,1,1,1,1,1,1,1,1,1,1,1
53U1IJqr6Hhmn53UcbgF7D,Gary Portnoy,1,1,1,1,1,1,1,1,1,1,1,1,1,1,1,1
54tv11ndFfiqXiR03PwdlB,Adam Melchor,0,0,0,0,0,0,0,0,0,0,1,1,1,1,1,1
55Aa2cqylxrFIXC767Z865,Lil Wayne,1,1,1,1,1,1,1,1,1,1,1,1,1,1,1,1
55fhWPvDiMpLnE4ZzNXZyW,Noah Cyrus,0,0,0,1,1,1,1,1,1,1,1,1,1,1,1,1
58lV9VcRSjABbAbfWS6skp,Bon Jovi,7,7,7,7,7,7,7,7,7,7,7,7,7,7,7,7
59QxeZBL6k9L4oJBGSyukd,The Marshall Tucker Band,1,1,1,1,1,1,1,1,1,1,1,1,1,1,1,1
5BcAKTbp20cv7tC5VqPFoC,Macklemore & Ryan Lewis,0,0,0,0,0,0,0,0,0,0,0,1,1,1,1,1
5C5yczYHPeBi5PrwxfksLP,Ashland Craft,0,0,0,0,0,0,0,0,0,0,0,1,1,1,1,1
5DYAABs8rkY9VhwtENoQCz,Gavin DeGraw,2,2,2,2,2,2,2,2,2,2,2,2,2,2,2,2
5ENS85nZShljwNgg4wFD7D,Gabry Ponte,1,1,1,1,1,1,1,1,1,1,1,1,1,1,1,1
5EvFsr3kj42KNv97ZEnqij,Shaggy,2,2,2,2,2,2,2,2,2,2,2,2,2,2,2,2
5FHwr1FymaS5kutIEK6e2y,King Harvest,0,0,0,0,0,0,0,0,0,0,0,0,1,1,1,1
5FghcZFWriEQFftyizgKEU,Maia Wilson,1,1,1,1,1,1,1,1,1,1,1,1,1,1,1,1
5ISzDnd0mlP3B6wUkKVs9M,Ari Hest,1,1,1,1,1,1,1,1,1,1,1,1,1,1,1,1
5Kkhk21siwbW3BfZUwpykJ,Katie Lopez,1,1,1,1,1,1,1,1,1,1,1,1,1,1,1,1
5L1n6wVJMxBw6sZbxD0XAU,Quietdrive,1,1,1,1,1,1,1,1,1,1,1,1,1,1,1,1
5N5RfI8FFXk4WQ8kkjE407,Deep Blue Something,1,1,1,1,1,1,1,1,1,1,1,1,1,1,1,1
5ND0mGcL9SKSjWIjPd0xIb,Bowling For Soup,4,4,4,4,4,4,4,4,4,4,4,4,4,4,4,4
5NGO30tJxFlKixkPSgXcFE,The Police,2,2,2,2,2,2,2,2,2,2,2,2,2,2,2,2
5P5FTygHyx2G57oszR3Wot,Daughtry,1,1,1,1,1,1,1,1,1,1,1,1,1,1,1,1
5PokPZn11xzZXyXSfnvIM3,Lifehouse,1,1,1,1,1,1,1,1,1,1,1,1,1,1,1,1
5Rl15oVamLq7FbSb0NNBNy,5 Seconds of Summer,1,1,1,1,1,1,1,1,1,1,1,1,1,1,1,1
5SbkVQYYzlw1kte75QIabH,Gnarls Barkley,1,1,1,1,1,1,1,1,1,1,1,1,1,1,1,1
5UjifI1TYefXWn9GdqDOHl,Social House,0,0,0,0,0,0,0,0,0,0,0,1,1,1,1,1
5V0MlUE1Bft0mbLlND7FJz,Ella Fitzgerald,0,0,0,0,0,0,0,0,0,0,0,1,1,1,1,1
5W5bDNCqJ1jbCgTxDD0Cb3,Willie Nelson,0,0,0,0,0,0,0,0,0,0,1,1,1,1,1,1
5WUlDfRSoLAfcVSX1WnrxN,Sia,1,1,1,1,1,1,1,1,1,1,1,1,1,1,1,1
5Ws3s6lSP4Un8kQf8CrAta,Susan Tedeschi,0,0,0,0,0,0,0,0,0,0,1,1,1,1,1,1
5YGY8feqx7naU7z4HrwZM6,Miley Cyrus,2,4,4,4,4,4,4,4,4,4,5,5,5,5,5,5
5aMmmNxw4vgpc5XC6hK0zp,The Calling,1,1,1,1,1,1,1,1,1,1,1,1,1,1,1,1
5aYyPjAsLj7UzANzdupwnS,Good Charlotte,1,1,1,1,1,1,1,1,1,1,1,1,1,1,1,1
5bv5RplEOwdCvhq0EILh9E,Lucenzo,1,1,1,1,1,1,1,1,1,1,1,1,1,1,1,1
5gznATMVO85ZcLTkE9ULU7,Lenny Kravitz,1,1,1,1,1,1,1,1,1,1,1,1,1,1,1,1
5iqStkZi6QmG8sgQZQrfGN,Danielle Bradbery,0,1,1,1,1,1,1,1,1,1,1,1,1,1,1,1
5kuJibJcwOC53s3OkoGMRA,The Revivalists,1,7,7,7,7,7,7,7,7,7,7,8,8,8,8,8
5m8H6zSadhu1j9Yi04VLqD,Sly & The Family Stone,0,0,0,0,0,0,0,0,0,0,0,1,1,1,1,1
5mNloTgSaf5qCyk48t9NSP,Josey Scott,1,1,1,1,1,1,1,1,1,1,1,1,1,1,1,1
5mgr0FFpvy267wKVAYg8qp,Lit,1,1,1,1,1,1,1,1,1,1,1,1,1,1,1,1
5mnS9jJdKQQcRSqFu5YPVe,Auli'i Cravalho,2,2,2,2,2,2,2,2,2,2,2,2,2,2,2,2
5nCi3BB41mBaMH9gfr6Su0,fun.,2,2,2,2,2,2,2,2,2,2,2,2,2,2,2,2
5nLYd9ST4Cnwy6NHaCxbj8,CeeLo Green,1,1,1,1,1,1,1,1,1,1,1,1,1,1,1,1
5ndkK3dpZLKtBklKjxNQwT,B.o.B,3,3,3,3,3,3,3,3,3,3,3,3,3,3,3,3
5q8HGNo0BjLWaTAhRtbwxa,Brantley Gilbert,1,1,1,1,1,1,1,1,1,1,1,1,1,1,1,1
5rSXSAkZ67PYJSvpUpkOr7,Backstreet Boys,5,5,5,5,5,5,5,5,5,5,5,5,5,5,5,5
5rScKX1Sh1U67meeUyTGwk,Michelle Branch,6,6,6,6,6,6,6,6,6,6,6,6,6,6,6,6
5s6TJEuHTr9GR894wc6VfP,Emmylou Harris,0,0,0,0,0,0,0,0,0,0,1,1,1,1,1,1
5sD1ZLf2dGQ9gQ3YJl1eAd,Blind Melon,1,1,1,1,1,1,1,1,1,1,1,1,1,1,1,1
5tFRohaO5yEsuJxmMnlCO9,Barns Courtney,0,1,1,1,1,1,1,1,1,1,1,1,1,1,1,1
5tTsrGPwQRWUsHR2Xf7Ke9,Natalie Cole,1,1,1,1,1,1,1,1,1,1,1,1,1,1,1,1
5vngPClqofybhPERIqQMYd,George Strait,0,0,0,0,0,0,0,0,0,0,1,1,1,1,1,1
5y2Xq6xcjJb2jVM54GHK3t,John Legend,3,3,3,3,3,3,3,3,3,3,3,3,3,3,3,3
5yG7ZAZafVaAlMTeBybKAL,Iggy Azalea,0,0,0,0,0,0,0,0,0,0,0,1,1,1,1,1
5yhxqYI0JBwUKfXpSEjiM8,Jamey Johnson,0,0,0,0,0,0,0,0,0,0,1,1,1,1,1,1
5ypxebeHEIXjMtJb17uJlI,Jet,3,3,3,3,3,3,3,3,3,3,3,3,3,3,3,3
5zixe6AbgXPqt4c1uSl94L,Connor Price,0,0,0,0,0,0,0,0,0,0,0,1,1,1,1,1
610EjgFatGvVPtib97jQ8G,NEEDTOBREATHE,1,1,1,1,1,1,1,1,1,1,1,1,1,1,1,1
61YE3whKiuRr83j1yOm5M7,Augustana,1,1,1,1,1,1,1,1,1,1,1,1,1,1,1,1
64M6ah0SkkRsnPGtGiRAbb,Bebe Rexha,1,1,1,1,1,1,1,1,1,1,1,1,1,1,1,1
64rxQRJsLgZwHHyWKB8fiF,Eiffel 65,1,1,1,1,1,1,1,1,1,1,1,1,1,1,1,1
660YptcR0hNHJ8iEr1qcse,Anthony Ramos,3,3,3,3,3,3,3,3,3,3,3,3,3,3,3,3
66CXWjxzNUsdJxJ2JdwvnR,Ariana Grande,0,0,0,0,0,0,0,0,0,0,0,2,2,2,2,2
67ea9eGLXYMsO2eYQRui3w,The Who,7,7,7,7,7,7,7,7,7,7,7,7,7,7,7,7
67wCYxOq4A1ohAs7jWYaOJ,Rik Rok,1,1,1,1,1,1,1,1,1,1,1,1,1,1,1,1
69GGBxA162lTqCwzJG5jLp,The Chainsmokers,1,1,1,1,1,1,1,1,1,1,1,1,1,1,1,1
69tiO1fG8VWduDl3ji2qhI,Mt. Joy,0,2,2,2,2,2,2,2,2,2,2,2,2,2,2,2
69wzuykaVXlRS5KVygESvd,Bobby Bare,0,0,0,0,0,0,0,0,0,0,1,1,1,1,1,1
6B5c4sch27tWHAGdarpPaW,Seether,1,1,1,1,1,1,1,1,1,1,1,1,1,1,1,1
6BMhCQJYHxxKAeqYS1p5rY,Hinder,1,1,1,1,1,1,1,1,1,1,1,1,1,1,1,1
6DIS6PRrLS3wbnZsf7vYic,WALK THE MOON,1,1,1,1,1,1,1,1,1,1,1,1,1,1,1,1
6DoH7ywD5BcQvjloe9OcIj,Ray LaMontagne,0,1,1,1,1,1,1,1,1,1,1,1,1,1,1,1
6FBDaR13swtiWwGhX1WQsP,blink-182,5,5,5,5,5,5,5,5,5,5,5,5,5,5,5,5
6Ff53KvcvAj5U7Z1vojB5o,*NSYNC,6,6,6,6,6,6,6,6,6,6,6,6,6,6,6,6
6FmiNnTXQJTmOMAx4kB38R,Grady,0,0,0,0,0,0,0,0,0,0,0,0,0,1,1,1
6G3sPhnj4JBCsBVBGvZnkk,Okieriete Onaodowan,5,5,5,5,5,5,5,5,5,5,5,5,5,5,5,5
6GI52t8N5F02MxU0g5U69P,Santana,5,5,5,5,5,5,5,5,5,5,6,6,6,6,6,6
6Hizgjo92FnMp8wGaRUNTn,Vertical Horizon,1,1,1,1,1,1,1,1,1,1,1,1,1,1,1,1
6JL8zeS1NmiOftqZTRgdTz,Meghan Trainor,5,5,5,5,5,5,5,5,5,5,5,5,5,5,5,5
6M2wZ9GZgrQXHCFfjv46we,Dua Lipa,1,1,1,1,1,1,1,1,1,1,1,1,1,1,1,1
6MDME20pz9RveH9rEXvrOM,Clean Bandit,1,1,1,1,1,1,1,1,1,1,1,1,1,1,1,1
6MWr1SmTaCU5BJzOZxwJEw,Larry Fleet,0,0,0,0,0,0,0,0,0,0,0,1,1,1,1,1
6O74knDqdv3XaWtkII7Xjp,Boyz II Men,1,1,1,1,1,1,1,1,1,1,1,1,1,1,1,1
6PAt558ZEZl0DmdXlnjMgD,Eric Clapton,1,1,1,1,1,1,1,1,1,1,1,1,1,1,1,1
6QtGlUje9TIkLrgPZrESuk,Steve Miller Band,1,1,1,1,1,1,1,1,1,1,1,1,1,1,1,1
6Rx1JKzBrSzoKQtmbVmBnM,Hayley Williams,1,1,1,1,1,1,1,1,1,1,1,1,1,1,1,1
6S2OmqARrzebs0tKUEyXyp,Demi Lovato,0,1,1,1,1,1,1,1,1,1,1,1,1,1,1,1
6TcnmlCSxihzWOQJ8k0rNS,Third Eye Blind,3,3,3,3,3,3,3,3,3,3,3,3,3,3,3,3
6VDdCwrBM4qQaGxoAyxyJC,Cold War Kids,0,2,2,2,2,2,2,2,2,2,2,2,2,2,2,2
6VuMaDnrHyPL1p4EHjYLi7,Charlie Puth,1,1,1,1,1,1,1,1,1,1,1,1,1,1,1,1
6WY7D3jk8zTrHtmkqqo5GI,Maren Morris,0,1,1,1,1,1,1,1,1,1,2,16,16,16,16,16
6XpaIBNiVzIetEPCWDvAFP,Whitney Houston,1,1,1,1,1,1,1,1,1,1,1,1,1,1,1,1
6aZyMrc4doVtZyKNilOmwu,Colbie Caillat,2,3,3,3,3,3,3,3,3,3,3,3,3,3,3,3
6chWbUfdu6ibyaCXM1w8kQ,Forrest.,0,0,0,0,0,0,0,0,0,0,0,1,1,1,1,1
6deZN1bslXzeGvOLaLMOIF,Nickelback,5,5,5,5,5,5,5,5,5,5,5,5,5,5,5,5
6eJqAWJdd8JhAN1pQGie4r,Casting Crowns,1,1,1,1,1,1,1,1,1,1,1,1,1,1,1,1
6eUKZXaKkcviH0Ku9w2n3V,Ed Sheeran,54,54,54,54,55,55,55,55,55,55,60,60,60,60,60,63
6eYFryfcEu3QSq59D62wZQ,Brendon Urie,0,1,1,1,1,1,1,1,1,1,1,1,1,1,1,1
6eouuqqGggqDlYRV63cgPo,Secondhand Serenade,1,1,1,1,1,1,1,1,1,1,1,1,1,1,1,1
6fC2AcsQtd9h4BWELbbire,Peach Pit,0,0,0,0,0,0,0,0,0,0,1,1,1,1,1,1
6gYjIUFuKIBVJfxXnmrd5P,Carl Carlton,1,1,1,1,1,1,1,1,1,1,1,1,1,1,1,1
6gkWznnJkdkwRPVcmnrays,Sister Sledge,1,1,1,1,1,1,1,1,1,1,1,1,1,1,1,1
6hnWRPzGGKiapVX1UCdEAC,Sam Cooke,1,1,1,1,1,1,1,1,1,1,1,1,1,1,1,1
6icQOAFXDZKsumw3YXyusw,Lil Yachty,0,0,0,0,0,0,0,0,0,0,0,1,1,1,1,1
6jTnHxhb6cDCaCu4rdvsQ0,Hot Chelle Rae,1,1,1,1,1,1,1,1,1,1,1,1,1,1,1,1
6kHu5ICQRBZdsAHjAjQlmp,Agatha Lee Monn,1,1,1,1,1,1,1,1,1,1,1,1,1,1,1,1
6kXp61QMZFPcKMcRPqoiVj,Gin Blossoms,3,3,3,3,3,3,3,3,3,3,3,3,3,3,3,3
6lOk7hCr8x3O9vHwylXyHR,The Penguins,1,1,1,1,1,1,1,1,1,1,1,1,1,1,1,1
6mcrZQmgzFGRWf7C0SObou,Frankie Valli & The Four Seasons,0,0,0,0,0,0,0,0,0,0,0,0,1,1,1,1
6p5JxpTc7USNnBnLzctyd4,Phillip Phillips,1,1,1,1,1,1,1,1,1,1,1,1,1,1,1,1
6sLwRSXSUF5JTUnQaFenyj,Christopher Jackson,2,2,2,2,2,2,2,2,2,2,2,2,2,2,2,2
6v4jPZO3UIDNJIgdxRxtr9,DISPATCH,4,4,4,4,4,4,4,4,4,4,4,4,4,4,4,4
6vWDO969PvNqNYHIOW5v0m,Beyoncé,0,1,1,1,1,1,1,1,1,1,1,1,1,1,1,1
6x2LnllRG5uGarZMsD4iO8,Thomas Rhett,2,2,2,2,2,2,2,2,2,2,3,3,3,3,3,3
6y8XlgIV8BLlIg1tT1R10i,Old Dominion,1,1,1,1,1,1,1,1,1,1,2,2,2,2,2,2
6yJCxee7QumYr820xdIsjo,Zac Brown Band,68,70,70,70,70,70,70,70,70,70,70,70,70,70,70,70
6ydoSd3N2mwgwBHtF6K7eX,Calum Scott,0,1,1,1,1,1,1,1,1,1,1,1,1,1,1,1
6zFYqv1mOsgBRQbae3JJ9e,Billy Joel,8,8,8,8,8,8,8,8,8,8,9,9,9,9,9,9
70BYFdaZbEKbeauJ670ysI,Shinedown,3,3,3,3,3,3,3,3,3,3,3,3,3,3,3,3
70cRZdQywnSFp9pnc2WTCE,Simon & Garfunkel,1,1,1,1,1,1,1,1,1,1,1,1,1,1,1,1
70kkdajctXSbqSMJbQO424,Kacey Musgraves,0,0,0,0,0,0,0,0,0,0,1,1,1,1,1,1
711MCceyCBcFnzjGY4Q7Un,AC/DC,3,3,3,3,3,3,3,3,3,3,3,3,3,3,3,3
718COspgdWOnwOFpJHRZHS,Luke Combs,1,1,1,1,1,1,1,1,1,1,2,6,6,6,6,6
738OS3zrCO782uDiUN9pet,Lee Ann Womack,1,1,1,1,1,1,1,1,1,1,2,2,2,2,2,2
73Np75Wv2tju61Eo9Zw4IR,Idina Menzel,4,4,4,4,4,4,4,4,4,4,4,4,4,4,4,4
74ASZWbe4lXaubB36ztrGX,Bob Dylan,3,3,3,3,3,3,3,3,3,3,4,4,4,4,4,4
74NBPbyyftqJ4SpDZ4c1Ed,Tom Morello,0,0,0,0,0,0,0,0,0,0,1,1,1,1,1,1
74XFHRwlV6OrjEM0A2NCMF,Paramore,1,1,1,1,1,1,1,1,1,1,1,1,1,1,1,1
74eX4C98E4FCrAMl39qRsJ,Theory of a Deadman,2,2,2,2,2,2,2,2,2,2,2,2,2,2,2,2
74gcBzlQza1bSfob90yRhR,City and Colour,1,1,1,1,1,1,1,1,1,1,1,1,1,1,1,1
74oJ4qxwOZvX6oSsu1DGnw,Cream,1,1,1,1,1,1,1,1,1,1,1,1,1,1,1,1
75FnCoo4FBxH5K1Rrx0k5A,The Band Perry,1,1,1,1,1,1,1,1,1,1,1,1,1,1,1,1
77tT1kLj6mCWtFNqiOmP9H,Daryl Hall & John Oates,1,1,1,1,1,1,1,1,1,1,1,1,1,1,1,1
782IpIScTpnDhYb9hyxOu1,The Product G&B,1,1,1,1,1,1,1,1,1,1,1,1,1,1,1,1
78OAtwN3XpjMcjibnF2Kw5,David Lee Murphy,0,0,0,0,0,0,0,0,0,0,1,1,1,1,1,1
78inRkIIF0n9R9I2HPoWP7,Rooney,1,1,1,1,1,1,1,1,1,1,1,1,1,1,1,1
79AyR6ATpj2LTPxfb6FX50,Lauren Spencer Smith,0,1,1,1,1,1,1,1,1,1,1,1,1,1,1,1
79DOwuMzV2h4es3em0t002,Eric Turner,1,1,1,1,1,1,1,1,1,1,1,1,1,1,1,1
7Dnu2NmddNymEI2LMZVH5v,Sleepy Brown,1,1,1,1,1,1,1,1,1,1,1,1,1,1,1,1
7EK1bQADBoqbYXnT4Cqv9w,John Denver,0,0,0,0,0,0,0,0,0,0,0,0,1,1,1,1
7EQ0qTo7fWT7DPxmxtSYEc,Bastille,1,1,1,1,1,1,1,1,1,1,1,1,1,1,1,1
7Ey4PD4MYsKc5I2dolUwbH,Aerosmith,2,2,2,2,2,2,2,2,2,2,2,2,2,2,2,2
7FBcuc1gsnv6Y1nwFtNRCb,My Chemical Romance,1,1,1,1,1,1,1,1,1,1,1,1,1,1,1,1
7FY5V3XMwlNBPitEjXowHQ,Darius Rucker,2,2,2,2,2,2,2,2,2,2,2,2,2,2,2,2
7FgMLbnZVrEnir95O0YujA,Five For Fighting,3,3,3,3,3,3,3,3,3,3,3,3,3,3,3,3
7GGv4mV9JTJK9e7nIzUliU,The Moldy Peaches,1,1,1,1,1,1,1,1,1,1,1,1,1,1,1,1
7H6dkUChT5EoOQtUVMg4cN,Hunter Hayes,1,1,1,1,1,1,1,1,1,1,2,2,2,2,2,2
7If8DXZN7mlGdQkLE2FaMo,The Gaslight Anthem,1,1,1,1,1,1,1,1,1,1,1,1,1,1,1,1
7J2lZBANizgPNfUzux31PV,David Gray,0,0,0,0,0,0,0,0,0,0,1,1,1,1,1,1
7J4Pg0NGyrWoMrROYhnlP6,Biskwiq,0,0,0,0,0,0,0,0,0,0,0,1,1,1,1,1
7JZafQsN8syJ9agEtcyP4V,Shy Carter,0,0,0,0,0,0,0,0,0,0,1,1,1,1,1,1
7KMqksf0UMdyA0UCf4R3ux,James Blunt,2,2,2,2,2,2,2,2,2,2,2,2,2,2,2,2
7KkqUt65v6LMtR369OQ6FB,Jonathan Groff,2,2,2,2,2,2,2,2,2,2,2,2,2,2,2,2
7Ln80lUS6He07XvHI8qqHH,Arctic Monkeys,1,2,2,2,2,2,2,2,2,2,2,2,2,2,2,2
7bu3H8JO7d0UbMoVzbo70s,The Cure,0,1,1,1,1,1,1,1,1,1,1,1,1,1,1,1
7cpCnhhBIU1gA7EhTFApN1,Gerry Cinnamon,0,0,0,0,1,1,1,1,1,1,1,1,1,1,1,1
7dGJo4pcD2V6oG8kP0tJRR,Eminem,1,1,1,1,1,1,1,1,1,1,1,1,1,1,1,1
7dOBabd5O4CvKrg4iriHTM,Kid Rock,2,2,2,2,2,2,2,2,2,2,2,2,2,2,2,2
7fIvjotigTGWqjIz6EP1i4,Four Tops,1,1,1,1,1,1,1,1,1,1,1,1,1,1,1,1
7fJYw1vK9yWb8o51I8qHin,Chad Kroeger,2,2,2,2,2,2,2,2,2,2,2,2,2,2,2,2
7fu6ebyL3JGXJgo5zsOo4k,Harvey Danger,1,1,1,1,1,1,1,1,1,1,1,1,1,1,1,1
7gHscNMDI8FF8pcgrV8eIn,Matt Maeson,0,1,1,1,1,1,1,1,1,1,1,1,1,1,1,1
7gSjFKpVmDgC2MMsnN8CYq,Jazmine Sullivan,0,0,0,1,1,1,1,1,1,1,1,1,1,1,1,1
7gXy60xRcwYujBFoYHnR2O,Big Red Machine,0,1,1,1,1,1,1,1,1,1,1,1,1,1,1,1
7giUHu5pv6YTZgSkxxCcgh,Edward Sharpe & The Magnetic Zeros,0,0,0,0,0,0,0,0,0,0,1,1,1,1,1,1
7guDJrEfX3qb6FEbdPA5qi,Stevie Wonder,2,2,2,2,2,2,2,2,2,2,2,4,4,4,4,4
7hJcb9fa4alzcOq3EaNPoG,Snoop Dogg,1,1,1,1,1,1,1,1,1,1,1,1,1,1,1,1
7iMjWsjqbmYLobomSh4B64,Mario Vazquez,1,1,1,1,1,1,1,1,1,1,1,1,1,1,1,1
7jy3rLJdDQY21OgRLCZ9sD,Foo Fighters,5,6,6,6,6,6,6,6,6,6,6,6,6,6,6,6
7m60UAnbgFFNuJbmS6OxTk,Sister Hazel,0,0,0,0,0,0,0,0,0,0,1,1,1,1,1,1
7mEIug7XUlQHikrFxjTWes,Neil Diamond,1,1,1,1,1,1,1,1,1,1,1,1,1,1,1,1
7n2wHs1TKAczGzO7Dd2rGr,Shawn Mendes,0,1,1,1,1,1,1,1,1,1,2,2,2,2,2,2
7naAJDAh7AZnf18YYfQruM,Christian French,0,0,0,0,0,0,0,0,0,0,0,1,1,1,1,1
7nwUJBm0HE4ZxD3f5cy5ok,Aretha Franklin,1,1,1,1,1,1,1,1,1,1,1,1,1,1,1,1
7o95ZoZt5ZYn31e9z1Hc0a,Natasha Bedingfield,1,1,1,1,1,1,1,1,1,1,1,1,1,1,1,1
7o9Nl7K1Al6NNAHX6jn6iG,Travie McCoy,1,1,1,1,1,1,1,1,1,1,1,1,1,1,1,1
7oPftvlwr6VrsViSDV7fJY,Green Day,16,17,17,17,17,17,17,17,17,17,17,17,17,17,17,17
7okSU80WTrn4LXlyXYbX3P,Clinton Kane,0,1,1,1,1,1,1,1,1,1,1,1,1,1,1,1
7pbDxGE6nQSZVfiFdq9lOL,Rex Orange County,0,0,0,0,0,0,0,0,0,0,0,1,1,1,1,1
7qG3b048QCHVRO5Pv1T5lw,Enrique Iglesias,2,2,2,2,2,2,2,2,2,2,2,2,2,2,2,2
7rrTqtOUOwva4sgTx9C9F9,Joy Oladokun,0,0,0,0,0,0,0,0,0,0,1,1,1,1,1,1
7sKxqpSqbIzphAKAhrqvlf,Walker Hayes,0,0,0,0,0,0,0,0,0,0,1,1,1,1,1,1
7t0rwkOPGlDPEhaOcVtOt9,The Cranberries,0,0,0,0,0,0,0,0,0,0,1,1,1,1,1,1
7v4imS0moSyGdXyLgVTIV7,Nat King Cole,3,3,3,3,3,3,3,3,3,3,3,3,3,3,3,3
7w9jdhcgHNdiPeNPUoFSlx,Dropkick Murphys,1,1,1,1,1,1,1,1,1,1,1,1,1,1,1,1
7x5rK9BClDQ8wmCkYAGsQp,Paolo Nutini,0,0,0,0,1,1,1,1,1,1,1,1,1,1,1,1
7y1GT7SdgGiFLWoktv2TSw,BBMAK,2,2,2,2,2,2,2,2,2,2,2,2,2,2,2,2
7z5WFjZAIYejWy0NI5lv4T,Dan + Shay,1,1,1,1,1,1,1,1,1,1,1,1,1,1,1,1
